X,Y,Cluster
578.00,36.00,6
38.00,28.00,4
98.00,27.00,4
282.00,28.00,4
403.00,31.00,6
459.00,32.00,6
520.00,63.00,6
574.00,100.00,6
552.00,51.00,6
608.00,105.00,6
585.00,160.00,6
528.00,106.00,6
468.00,63.00,6
418.00,66.00,6
532.00,146.00,6
578.00,181.00,6
606.00,217.00,6
490.00,111.00,6
48.00,409.00,2
33.00,317.00,5
9.00,240.00,0
98.00,374.00,2
41.00,340.00,5
122.00,431.00,2
66.00,347.00,5
87.00,394.00,2
39.00,269.00,0
34.00,267.00,0
46.00,225.00,0
89.00,303.00,5
89.00,303.00,5
66.00,298.00,5
142.00,361.00,7
142.00,364.00,7
143.00,368.00,7
222.00,414.00,7
220.00,410.00,7
166.00,315.00,3
143.00,300.00,3
61.00,210.00,0
45.00,182.00,0
98.00,249.00,3
125.00,284.00,3
170.00,351.00,7
204.00,366.00,7
238.00,425.00,7
22.00,172.00,0
554.00,79.00,6
